Name,Age,Sex,Height,Weight
"Marino, Alfred",14,M,69,112.5
"Luck, Alice",13,F,56.5,84
"Manning, Barbara",13,F,65.3,98
"Luck, Carol",14,F,62.8,102.5
"Brady, Henry",14,M,63.5,102.5
"Young, James",12,M,57.3,83
"Rodgers, Jane",12,F,59.8,84.5
"Rodgers, Janet",15,F,62.5,112.5
"Rodgers, Jeffrey",13,M,62.5,84
"Manning, John",12,M,59,99.5
"Newton, Joyce",11,F,51.3,50.5
"Wilson, Judy",14,F,64.3,90
"Wilson, Louise",12,F,56.3,77
"Luck, Mary",15,F,66.5,112
"Brady, Philip",16,M,72,150
"Manning, Robert",12,M,64.8,128
"Newton, Ronald",15,M,67,133
"Elway, Thomas",11,M,57.5,85
"Manning, William",15,M,66.5,112
